doc_number,item,material_code,price,quantity
3,10,CC-F02            ,3.76,750
26,10,CC-F02            ,3.49,750
31,10,CC-F02            ,3.76,1500
35,10,CC-F01            ,2.99,949
38,10,CC-F01            ,2.99,949
40,10,CC-F02            ,3.49,1500
42,10,CC-F01            ,2.99,949
71,10,CC-F02            ,3.76,750
74,10,CC-F02            ,3.76,750
77,10,CC-F01            ,2.99,750
85,10,CC-F01            ,2.99,1500
89,10,CC-F02            ,3.76,750
93,10,CC-F02            ,3.76,750
95,10,CC-F03            ,3.76,750
98,10,CC-F03            ,3.76,750
109,10,CC-F01            ,2.99,1500
114,10,CC-F02            ,3.76,750
118,10,CC-F02            ,3.76,750
156,10,CC-F02            ,3.32,1500
161,10,CC-F03            ,3.41,2250
164,10,CC-F03            ,3.41,3000
164,20,CC-F02            ,3.32,3000
166,10,CC-F05            ,2.31,2250
48,10,CC-F01            ,2.99,750
52,10,CC-F02            ,3.76,750
56,10,CC-F02            ,3.76,750
59,10,CC-F02            ,3.76,750
61,10,CC-F01            ,2.99,750
63,10,CC-F01            ,2.99,750
67,10,CC-F02            ,3.49,750
67,30,CC-F01            ,2.78,750
168,10,CC-F03            ,3.67,2250
170,10,CC-F01            ,2.83,2250
172,10,CC-F01            ,2.83,1500
173,10,CC-F05            ,2.48,2250
178,10,CC-F01            ,2.83,3750
182,10,CC-F02            ,3.57,2250
200,10,CC-F04            ,2.62,2250
204,10,CC-F05            ,2.48,3750
227,10,CC-F01            ,2.83,2250
231,10,CC-F03            ,3.67,2250
251,10,CC-F12            ,5.99,333
251,20,CC-F03            ,3.41,3000
251,30,CC-F01            ,2.62,3000
251,40,CC-F02            ,3.32,3000
256,10,CC-F04            ,2.43,3750
256,20,CC-F02            ,3.32,3000
261,10,CC-F03            ,3.41,3000
261,20,CC-F12            ,5.99,333
264,10,CC-F04            ,2.62,3750
266,10,CC-F02            ,3.57,2250
267,10,CC-F01            ,2.83,2250
271,10,CC-F06            ,2.98,2250
297,10,CC-F03            ,3.41,1500
297,20,CC-F06            ,2.77,3000
297,30,CC-F12            ,5.99,1500
302,10,CC-F02            ,3.57,1500
322,10,CC-F11            ,4.25,2033
322,20,CC-F12            ,5.53,2250
327,10,CC-F03            ,3.67,3000
332,10,CC-F05            ,2.48,5250
335,10,CC-F06            ,2.98,1500
344,10,CC-F02            ,3.32,3000
344,20,CC-F11            ,4.6,2630
344,30,CC-F04            ,2.43,4500
344,40,CC-F11            ,4.6,153
344,90,CC-F06            ,2.77,4500
344,100,CC-F12            ,5.99,2162
349,10,CC-F03            ,3.67,3000
396,10,CC-F11            ,4.61,2250
396,20,CC-F12            ,6.06,2072
396,30,CC-F04            ,2.48,4500
400,10,CC-F11            ,4.61,1500
400,20,CC-F05            ,2.28,4954
400,30,CC-F05            ,2.28,2546
400,40,CC-F01            ,2.63,5073
405,10,CC-F01            ,2.63,4500
405,20,CC-F02            ,3.35,3000
405,30,CC-F13            ,6.21,750
407,10,CC-F02            ,3.61,4500
409,10,CC-F05            ,2.46,6000
410,10,CC-F04            ,2.68,4500
417,10,CC-F03            ,3.69,3750
423,10,CC-F03            ,3.69,3000
429,10,CC-F01            ,2.83,5250
438,10,CC-F12            ,6.06,1821
438,20,CC-F02            ,3.35,3000
442,10,CC-F13            ,6.21,1500
442,20,CC-F06            ,2.84,3750
442,30,CC-F16            ,5.11,1500
446,10,CC-F02            ,3.35,1500
446,20,CC-F11            ,4.61,1500
446,30,CC-F03            ,3.43,3000
449,10,CC-F06            ,2.84,3000
449,20,CC-F12            ,6.06,2126
449,30,CC-F11            ,4.61,1500
452,10,CC-F05            ,2.46,3750
454,10,CC-F01            ,2.83,1500
456,10,CC-F01            ,2.83,1677
457,10,CC-F04            ,2.68,3000
458,10,CC-F06            ,3.06,4500
488,10,CC-F13            ,6.21,2286
488,20,CC-F11            ,4.61,2444
488,30,CC-F16            ,5.11,2556
488,40,CC-F03            ,3.43,2250
511,10,CC-F16            ,5.11,2348
511,20,CC-F14            ,4.32,2519
511,30,CC-F03            ,3.43,3000
518,10,CC-F11            ,4.61,2250
518,20,CC-F14            ,4.32,2937
518,30,CC-F03            ,3.43,2250
524,10,CC-F04            ,2.48,3750
524,20,CC-F06            ,2.84,2250
524,30,CC-F11            ,4.61,3012
524,40,CC-F12            ,6.06,1784
529,10,CC-F12            ,5.59,3840
529,20,CC-F16            ,4.72,2250
529,30,CC-F12            ,5.59,88
534,10,CC-F16            ,5.11,1944
534,20,CC-F14            ,4.32,3280
534,30,CC-F11            ,4.61,3004
534,40,CC-F14            ,4.32,470
539,10,CC-F11            ,4.61,2451
539,20,CC-F11            ,4.61,549
539,30,CC-F06            ,2.84,3000
539,40,CC-F13            ,6.21,2214
544,10,CC-F16            ,5.11,750
544,20,CC-F15            ,3.91,2927
544,30,CC-F06            ,2.84,3000
544,40,CC-F04            ,2.48,4500
548,10,CC-F12            ,5.59,4158
548,20,CC-F12            ,5.59,1558
551,10,CC-F05            ,2.46,4500
559,10,CC-F13            ,5.73,3565
559,20,CC-F13            ,5.73,185
606,10,CC-F06            ,2.81,3000
606,20,CC-F16            ,5.05,2250
606,30,CC-F14            ,4.21,2250
613,10,CC-F14            ,4.21,2745
613,20,CC-F04            ,2.43,5250
613,30,CC-F16            ,5.05,2258
613,40,CC-F16            ,5.05,2144
620,10,CC-F14            ,3.89,3063
620,20,CC-F13            ,5.64,1500
620,30,CC-F12            ,5.49,3000
630,10,CC-F12            ,5.94,2192
630,20,CC-F11            ,4.4,3122
630,30,CC-F13            ,6.11,2041
630,40,CC-F03            ,3.38,2250
634,10,CC-F16            ,4.66,3000
637,10,CC-F06            ,3.02,3000
657,10,CC-F06            ,2.81,3750
657,20,CC-F14            ,4.21,2236
657,30,CC-F11            ,4.4,2709
662,10,CC-F11            ,4.4,2937
662,20,CC-F13            ,6.11,1500
662,30,CC-F01            ,2.52,2800
662,40,CC-F03            ,3.38,2250
683,10,CC-F04            ,2.43,3750
683,20,CC-F01            ,2.52,4300
683,30,CC-F12            ,5.94,1960
683,40,CC-F16            ,5.05,2250
688,10,CC-F16            ,5.05,2250
688,20,CC-F15            ,3.7,3822
688,30,CC-F01            ,2.52,3550
688,40,CC-F03            ,3.38,3000
690,10,CC-F15            ,3.7,3843
690,20,CC-F06            ,2.81,1500
690,30,CC-F16            ,5.05,1500
690,40,CC-F04            ,2.43,3000
692,10,CC-F02            ,3.55,3000
694,10,CC-F02            ,3.55,1500
696,10,CC-F05            ,2.34,5250
731,10,CC-F02            ,3.29,3000
731,20,CC-F11            ,4.4,3259
731,30,CC-F11            ,4.4,32
735,10,CC-F03            ,3.38,2250
735,20,CC-F11            ,4.4,3007
735,30,CC-F01            ,2.52,2250
741,10,CC-F12            ,5.94,2150
741,20,CC-F12            ,5.94,1266
741,30,CC-F05            ,2.17,3750
741,40,CC-F16            ,5.05,1500
752,10,CC-F13            ,6.11,2313
752,20,CC-F14            ,4.21,3349
752,30,CC-F14            ,4.21,1151
757,10,CC-F03            ,3.38,2250
757,20,CC-F12            ,5.94,1987
757,30,CC-F16            ,5.05,2250
772,10,CC-F01            ,2.52,3000
772,20,CC-F16            ,5.05,2614
772,30,CC-F03            ,3.38,3345
772,40,CC-F14            ,4.21,3247
776,10,CC-F04            ,2.62,3000
800,10,CC-F13            ,6.11,2086
800,20,CC-F11            ,4.4,3123
800,30,CC-F13            ,6.11,2176
800,40,CC-F03            ,3.38,1905
809,10,CC-F14            ,4.21,3197
809,20,CC-F01            ,2.52,3750
809,30,CC-F14            ,4.21,1303
809,40,CC-F02            ,3.29,2250
813,10,CC-F16            ,4.66,2250
816,10,CC-F02            ,3.55,3750
823,10,CC-F16            ,5.05,2250
823,20,CC-F03            ,3.38,2250
829,10,CC-F16            ,5.05,1886
829,20,CC-F14            ,4.21,2592
829,30,CC-F06            ,2.81,3000
829,40,CC-F02            ,3.29,4315
833,10,CC-F11            ,4.4,2522
833,20,CC-F15            ,3.7,3242
833,30,CC-F04            ,2.43,4500
836,10,CC-F12            ,5.49,3764
838,10,CC-F04            ,2.62,5250
840,10,CC-F03            ,3.64,3000
847,10,CC-F05            ,2.27,4349
876,10,CC-F02            ,3.23,2250
876,20,CC-F11            ,4.21,2921
876,30,CC-F11            ,4.21,295
881,10,CC-F15            ,3.57,3116
881,20,CC-F01            ,2.43,4500
881,30,CC-F16            ,4.89,2250
881,40,CC-F02            ,3.23,2250
885,10,CC-F12            ,5.37,3367
885,20,CC-F12            ,5.37,383
885,30,CC-F13            ,5.71,3687
888,10,CC-F06            ,2.93,3000
894,10,CC-F11            ,4.21,3105
894,20,CC-F14            ,4.06,3136
894,30,CC-F01            ,2.43,3750
894,40,CC-F05            ,2.11,5099
900,10,CC-F03            ,3.68,3000
922,10,CC-F12            ,5.81,2107
922,20,CC-F12            ,5.81,893
922,30,CC-F16            ,4.89,1500
922,40,CC-F15            ,3.57,3618
927,10,CC-F14            ,3.75,4500
927,20,CC-F11            ,3.88,3000
930,10,CC-F06            ,2.93,3750
945,10,CC-F02            ,3.23,3935
945,20,CC-F06            ,2.72,3750
945,30,CC-F11            ,4.21,2439
969,10,CC-F02            ,3.23,3000
969,20,CC-F14            ,4.06,3000
969,30,CC-F03            ,3.41,4178
969,40,CC-F11            ,4.21,3000
969,90,CC-F01            ,2.43,5250
969,100,CC-F12            ,5.81,2368
1000,10,CC-F04            ,2.35,4844
1000,20,CC-F01            ,2.43,3000
1000,30,CC-F12            ,5.81,2243
1000,40,CC-F15            ,3.57,3608
1006,10,CC-F03            ,3.41,3848
1006,20,CC-F03            ,3.41,1402
1006,30,CC-F02            ,3.23,3750
1006,40,CC-F11            ,4.21,2250
1018,10,CC-F01            ,2.43,4500
1018,20,CC-F12            ,5.81,2436
1018,30,CC-F04            ,2.35,4833
1018,40,CC-F05            ,2.11,6633
1022,10,CC-F06            ,2.72,4194
1022,20,CC-F11            ,4.21,1500
1022,30,CC-F06            ,2.72,306
1025,10,CC-F03            ,3.68,3750
1028,10,CC-F06            ,2.93,3000
1039,10,CC-F15            ,3.57,3308
1039,20,CC-F04            ,2.35,5583
1039,30,CC-F12            ,5.81,1999
1062,10,CC-F03            ,3.68,3322
1090,10,CC-F02            ,3.22,3750
1090,20,CC-F12            ,5.79,1985
1090,30,CC-F16            ,4.86,2566
1095,10,CC-F11            ,4.1,3000
1095,20,CC-F03            ,3.49,3000
1095,30,CC-F12            ,5.79,2234
1099,10,CC-F06            ,2.91,4500
1103,10,CC-F02            ,3.46,3000
1111,10,CC-F11            ,4.1,3496
1111,20,CC-F03            ,3.49,3000
1111,30,CC-F11            ,4.1,1754
1111,40,CC-F02            ,3.22,4369
1119,10,CC-F12            ,5.79,2439
1119,20,CC-F15            ,3.53,3232
1119,30,CC-F16            ,4.86,2250
1119,40,CC-F06            ,2.7,3000
1126,10,CC-F14            ,3.94,1500
1126,20,CC-F05            ,2.09,5244
1126,30,CC-F11            ,4.1,2825
1126,40,CC-F01            ,2.37,4500
1136,10,CC-F01            ,2.37,4500
1136,20,CC-F16            ,4.86,2640
1136,30,CC-F16            ,4.86,360
1136,40,CC-F15            ,3.53,3889
1163,10,CC-F02            ,3.22,2250
1163,20,CC-F16            ,4.86,2515
1163,30,CC-F12            ,5.79,2375
1163,40,CC-F03            ,3.49,3000
1167,10,CC-F01            ,2.37,4500
1167,20,CC-F05            ,2.09,4950
1167,30,CC-F14            ,3.94,3000
1171,10,CC-F06            ,2.7,4295
1171,20,CC-F14            ,3.94,1500
1171,30,CC-F06            ,2.7,205
1175,10,CC-F12            ,5.79,1808
1175,20,CC-F16            ,4.86,1500
1175,30,CC-F02            ,3.22,2250
1175,40,CC-F04            ,2.29,2583
1185,10,CC-F06            ,2.7,3000
1185,20,CC-F04            ,2.29,4072
1185,30,CC-F15            ,3.53,3183
1185,40,CC-F14            ,3.94,3428
1209,10,CC-F13            ,6.34,1912
1209,20,CC-F03            ,3.49,3000
1209,30,CC-F02            ,3.22,3881
1214,10,CC-F03            ,3.49,3207
1214,20,CC-F06            ,2.7,3000
1214,30,CC-F03            ,3.49,543
1233,10,CC-F14            ,3.94,2250
1233,20,CC-F02            ,3.22,2250
1233,30,CC-F15            ,3.53,3128
1239,10,CC-F06            ,2.91,2250
1244,10,CC-F01            ,2.56,3000
1247,10,CC-F01            ,2.56,3750
1254,10,CC-F05            ,2.09,5473
1254,20,CC-F05            ,2.09,3594
1254,30,CC-F02            ,3.22,1500
1254,40,CC-F16            ,4.86,2503
1261,10,CC-F11            ,4.1,2342
1261,20,CC-F05            ,2.09,5323
1261,30,CC-F15            ,3.53,3933
1261,40,CC-F16            ,4.86,2612
1265,10,CC-F04            ,2.47,4083
1279,10,CC-F02            ,3.22,3596
1279,20,CC-F14            ,3.94,3078
1279,30,CC-F03            ,3.49,3249
1279,40,CC-F12            ,5.79,2060
1284,10,CC-F04            ,2.29,3000
1284,20,CC-F11            ,4.1,3229
1284,30,CC-F11            ,4.1,438
1302,10,CC-F04            ,2.29,3750
1302,20,CC-F03            ,3.49,2499
1302,30,CC-F12            ,5.79,2230
1302,40,CC-F14            ,3.94,2855
1308,10,CC-F01            ,2.37,4500
1308,20,CC-F06            ,2.7,3000
1308,30,CC-F02            ,3.22,2250
1308,40,CC-F16            ,4.86,2583
1326,10,CC-F03            ,3.58,3249
1326,20,CC-F14            ,3.77,2583
1326,30,CC-F05            ,2.07,4833
1331,10,CC-F06            ,2.88,4500
1351,10,CC-F03            ,3.58,2250
1351,20,CC-F11            ,4.22,2928
1351,30,CC-F11            ,4.22,72
1351,40,CC-F06            ,2.67,3750
1361,10,CC-F14            ,3.77,2505
1361,20,CC-F12            ,5.86,2056
1361,30,CC-F01            ,2.43,3750
1372,10,CC-F13            ,6.52,2130
1372,20,CC-F16            ,4.8,2250
1377,10,CC-F13            ,6.52,1978
1377,20,CC-F04            ,2.21,3000
1377,30,CC-F14            ,3.77,1500
1377,40,CC-F13            ,6.52,2188
1382,10,CC-F02            ,3.51,3750
1402,10,CC-F16            ,4.8,2653
1402,20,CC-F16            ,4.8,487
1402,30,CC-F15            ,3.5,3162
1408,10,CC-F02            ,3.25,3900
1408,20,CC-F02            ,3.25,4
1408,30,CC-F12            ,5.86,2153
1408,40,CC-F11            ,4.22,1500
1413,10,CC-F01            ,2.43,5250
1413,20,CC-F16            ,4.8,2582
1413,30,CC-F03            ,3.58,3000
1413,40,CC-F14            ,3.77,3571
1415,10,CC-F12            ,5.86,1500
1415,20,CC-F02            ,3.25,3000
1415,30,CC-F13            ,6.52,1905
1415,40,CC-F11            ,4.22,2643
1416,10,CC-F04            ,2.38,4500
1446,10,CC-F01            ,2.43,3000
1446,20,CC-F03            ,3.58,3000
1446,30,CC-F14            ,3.77,2954
1452,10,CC-F11            ,4.22,2607
1452,20,CC-F03            ,3.58,3139
1452,30,CC-F16            ,4.8,2250
1452,40,CC-F13            ,6.52,1882
1457,10,CC-F01            ,2.62,4500
1468,10,CC-F06            ,2.67,3249
1468,20,CC-F02            ,3.25,2250
1468,30,CC-F14            ,3.77,3000
1473,10,CC-F16            ,4.8,2997
1473,20,CC-F16            ,4.8,501
1473,30,CC-F11            ,4.22,2737
1473,40,CC-F14            ,3.77,2504
1479,10,CC-F02            ,3.25,2250
1479,20,CC-F16            ,4.8,2250
1479,30,CC-F05            ,2.07,4833
1483,10,CC-F04            ,2.38,4083
1495,10,CC-F11            ,4.22,2926
1495,20,CC-F11            ,4.22,2702
1495,30,CC-F12            ,5.86,2104
1495,40,CC-F02            ,3.25,3431
1517,10,CC-F13            ,6.52,2188
1517,20,CC-F03            ,3.58,3523
1517,30,CC-F03            ,3.58,227
1542,10,CC-F01            ,2.43,4500
1542,20,CC-F15            ,3.5,4097
1542,30,CC-F15            ,3.5,3188
1542,40,CC-F12            ,5.86,2252
1550,10,CC-F16            ,4.8,2378
1550,20,CC-F16            ,4.8,38
1550,30,CC-F03            ,3.58,3147
1555,10,CC-F05            ,2.07,6278
1555,20,CC-F06            ,2.67,3999
1555,30,CC-F16            ,4.8,1666
1565,10,CC-F04            ,2.28,4833
1565,20,CC-F13            ,6.75,1923
1565,30,CC-F11            ,4.57,1833
1569,10,CC-F14            ,3.91,1827
1569,20,CC-F03            ,3.7,3227
1569,30,CC-F11            ,4.57,3142
1569,40,CC-F11            ,4.57,191
1587,10,CC-F02            ,3.44,3750
1587,20,CC-F16            ,4.99,2276
1587,30,CC-F16            ,4.99,140
1587,40,CC-F01            ,2.61,4500
1593,10,CC-F02            ,3.44,3319
1593,20,CC-F11            ,4.57,2385
1599,10,CC-F02            ,3.7,3750
1604,10,CC-F06            ,2.98,3000
1612,10,CC-F06            ,2.77,4968
1612,20,CC-F06            ,2.77,531
1612,30,CC-F12            ,6.23,2263
1618,10,CC-F04            ,2.28,4500
1618,20,CC-F12            ,6.23,2160
1618,30,CC-F14            ,3.91,2531
1624,10,CC-F01            ,2.61,4181
1624,20,CC-F03            ,3.7,2714
1624,30,CC-F01            ,2.61,486
1624,40,CC-F11            ,4.57,1500
1633,10,CC-F16            ,4.99,2250
1633,20,CC-F05            ,2.23,5220
1639,10,CC-F15            ,3.53,5095
1639,20,CC-F12            ,5.75,3859
1661,10,CC-F16            ,4.99,2250
1661,20,CC-F11            ,4.57,3000
1661,30,CC-F05            ,2.23,5421
1661,40,CC-F14            ,3.91,3000
1668,10,CC-F04            ,2.45,6667
1685,10,CC-F15            ,3.82,2990
1685,20,CC-F03            ,3.7,2690
1685,30,CC-F06            ,2.77,2250
1685,40,CC-F12            ,6.23,2217
1693,10,CC-F15            ,3.82,3762
1693,20,CC-F06            ,2.77,4329
1693,30,CC-F15            ,3.82,738
1693,40,CC-F06            ,2.77,171
1696,10,CC-F06            ,2.77,3000
1696,20,CC-F14            ,3.91,3486
1696,30,CC-F14            ,3.91,1295
1711,10,CC-F01            ,2.61,1667
1711,20,CC-F16            ,4.99,2362
1711,30,CC-F03            ,3.7,3315
1711,40,CC-F14            ,3.91,3000
1732,10,CC-F16            ,4.99,2675
1732,20,CC-F16            ,4.99,213
1732,30,CC-F05            ,2.23,4889
1758,10,CC-F14            ,3.91,2635
1758,20,CC-F13            ,6.75,1612
1758,30,CC-F16            ,4.99,2177
1758,40,CC-F16            ,4.99,823
1766,10,CC-F16            ,4.99,2255
1766,20,CC-F01            ,2.61,1500
1766,30,CC-F11            ,4.57,2926
1766,40,CC-F16            ,4.99,1495
1807,10,CC-F01            ,3.02,3167
1807,20,CC-F02            ,3.84,3166
1807,30,CC-F12            ,6.74,1983
1812,10,CC-F15            ,4.28,3083
1812,20,CC-F02            ,3.84,3036
1812,30,CC-F02            ,3.84,130
1828,10,CC-F11            ,5.11,2676
1828,20,CC-F11            ,5.11,1408
1828,30,CC-F02            ,3.84,3091
1828,40,CC-F12            ,6.74,2004
1877,10,CC-F14            ,4.2,1885
1877,20,CC-F03            ,4.07,3323
1877,30,CC-F02            ,3.84,2250
1882,10,CC-F03            ,4.38,3352
1899,10,CC-F02            ,3.84,3000
1899,20,CC-F15            ,4.28,3268
1899,30,CC-F03            ,4.07,3265
1899,40,CC-F11            ,5.11,1834
1904,10,CC-F01            ,3.26,5653
1925,10,CC-F01            ,3.02,3750
1925,20,CC-F12            ,6.74,1710
1930,10,CC-F05            ,2.61,5397
1930,20,CC-F01            ,3.02,4525
1930,30,CC-F05            ,2.61,550
1930,40,CC-F11            ,5.11,408
1948,10,CC-F02            ,3.84,3104
1948,20,CC-F16            ,5.32,1084
1948,30,CC-F03            ,4.07,2250
1953,10,CC-F03            ,4.38,1985
1971,10,CC-F04            ,2.57,5405
1971,20,CC-F02            ,3.84,2988
1971,30,CC-F13            ,7.2,660
1971,40,CC-F04            ,2.57,179
1976,10,CC-F05            ,2.61,4648
1976,20,CC-F15            ,4.28,2697
1976,30,CC-F04            ,2.57,3000
1976,40,CC-F05            ,2.61,15
1982,10,CC-F04            ,2.57,4084
1982,20,CC-F13            ,7.2,1936
1982,30,CC-F11            ,5.11,750
1986,10,CC-F06            ,3.32,2584
1989,10,CC-F03            ,4.38,3344
1999,10,CC-F12            ,6.74,2115
1999,20,CC-F02            ,3.84,3000
2004,10,CC-F06            ,3.32,3334
2007,10,CC-F01            ,3.26,3347
2010,10,CC-F06            ,3.32,3334
2021,10,CC-F02            ,4.14,3721
2025,10,CC-F01            ,3.26,3000
2045,10,CC-F12            ,6.83,1594
2045,20,CC-F01            ,3.06,4475
2045,30,CC-F13            ,7.32,1635
2045,40,CC-F11            ,5.18,2316
2051,10,CC-F14            ,4.15,1885
2051,20,CC-F03            ,4.13,2785
2051,30,CC-F11            ,5.18,2250
2051,40,CC-F04            ,2.54,2250
2058,10,CC-F15            ,4.24,3123
2058,20,CC-F03            ,4.13,2784
2058,30,CC-F11            ,5.18,2479
2058,40,CC-F06            ,3.1,2250
2069,10,CC-F14            ,3.83,1500
2069,20,CC-F11            ,4.78,1434
2074,10,CC-F03            ,4.45,3000
2096,10,CC-F02            ,3.89,2996
2096,20,CC-F14            ,4.15,2250
2096,30,CC-F12            ,6.83,1656
2096,40,CC-F04            ,2.54,3750
2101,10,CC-F06            ,3.1,3000
2101,20,CC-F02            ,3.89,2861
2101,30,CC-F16            ,5.36,1084
2101,40,CC-F04            ,2.54,3750
2117,10,CC-F01            ,3.06,3000
2117,20,CC-F03            ,4.13,2466
2117,30,CC-F05            ,2.59,4500
2117,40,CC-F12            ,6.83,1977
2122,10,CC-F15            ,4.24,2250
2122,20,CC-F05            ,2.59,5225
2122,30,CC-F16            ,5.36,750
2122,40,CC-F05            ,2.59,775
2126,10,CC-F06            ,3.1,3750
2126,20,CC-F02            ,3.89,2803
2130,10,CC-F13            ,6.76,2865
2130,20,CC-F12            ,6.31,3130
2134,10,CC-F05            ,2.79,8250
2135,10,CC-F03            ,4.45,2465
2144,10,CC-F01            ,3.29,4500
2169,10,CC-F04            ,2.54,3750
2169,20,CC-F11            ,5.18,2772
2169,30,CC-F15            ,4.24,2980
2169,40,CC-F12            ,6.83,1828
2174,10,CC-F02            ,3.89,1697
2174,20,CC-F16            ,5.36,2035
2174,30,CC-F14            ,4.15,3294
2178,10,CC-F11            ,4.78,4125
2178,20,CC-F16            ,4.95,3334
2189,10,CC-F14            ,4.15,3135
2189,20,CC-F03            ,4.13,3367
2189,30,CC-F14            ,4.15,615
2189,40,CC-F02            ,3.89,2840
2195,10,CC-F06            ,3.1,3000
2195,20,CC-F13            ,7.32,1914
2195,30,CC-F01            ,3.06,4214
2195,40,CC-F11            ,5.18,2688
2213,10,CC-F03            ,4.13,3000
2213,20,CC-F16            ,5.36,2032
2213,30,CC-F06            ,3.1,3000
2218,10,CC-F06            ,3.1,3825
2218,20,CC-F11            ,5.18,1646
2218,30,CC-F16            ,5.36,1500
2221,10,CC-F03            ,4.45,3000
2239,10,CC-F02            ,3.89,2250
2239,20,CC-F15            ,4.24,2660
2245,10,CC-F01            ,3.06,3750
2245,20,CC-F02            ,3.89,3589
2245,30,CC-F14            ,4.15,3439
2250,10,CC-F15            ,4.24,3262
2250,20,CC-F04            ,2.54,4500
2250,30,CC-F02            ,3.89,2561
2250,40,CC-F11            ,5.18,2291
2254,10,CC-F16            ,4.95,3750
2255,10,CC-F04            ,2.74,2250
2265,10,CC-F16            ,5.36,1500
2265,20,CC-F05            ,2.59,3036
2265,30,CC-F04            ,2.54,5105
2265,40,CC-F04            ,2.54,145
2289,10,CC-F11            ,5.34,1771
2289,20,CC-F06            ,3.1,3000
2289,30,CC-F16            ,5.36,1500
2295,10,CC-F06            ,3.1,3574
2295,20,CC-F11            ,5.34,2250
2295,30,CC-F06            ,3.1,101
2310,10,CC-F16            ,5.36,2582
2310,20,CC-F01            ,3.14,4501
2310,30,CC-F14            ,4.11,2810
2310,40,CC-F06            ,3.1,3000
2331,10,CC-F04            ,2.52,3000
2331,20,CC-F03            ,4.22,2966
2331,30,CC-F14            ,4.11,2956
2331,40,CC-F16            ,5.36,1500
2336,10,CC-F16            ,5.36,2037
2336,20,CC-F03            ,4.22,1833
2336,30,CC-F14            ,4.11,2688
2336,40,CC-F01            ,3.14,3000
2344,10,CC-F15            ,4.36,3133
2344,20,CC-F12            ,7.05,1652
2344,30,CC-F11            ,5.34,1500
2344,40,CC-F01            ,3.14,4065
2347,10,CC-F12            ,6.51,3549
2347,20,CC-F14            ,3.79,1544
2347,30,CC-F12            ,6.51,1549
2358,10,CC-F14            ,4.11,2971
2358,20,CC-F14            ,4.11,675
2358,30,CC-F16            ,5.36,2351
2358,40,CC-F05            ,2.65,4755
2364,10,CC-F11            ,4.93,3742
2364,20,CC-F12            ,6.51,3007
2364,30,CC-F11            ,4.93,3236
2380,10,CC-F14            ,4.11,2823
2380,20,CC-F05            ,2.65,3667
2380,30,CC-F14            ,4.11,50
2380,40,CC-F02            ,3.99,2748
2385,10,CC-F03            ,4.22,2583
2385,20,CC-F04            ,2.52,3860
2385,30,CC-F15            ,4.36,3281
2405,10,CC-F11            ,5.34,2032
2405,20,CC-F16            ,5.36,2250
2405,30,CC-F11            ,5.34,218
2405,40,CC-F02            ,3.99,2583
2411,10,CC-F06            ,3.1,3679
2411,20,CC-F05            ,2.65,4768
2411,30,CC-F14            ,4.11,2250
2411,40,CC-F06            ,3.1,71
2417,10,CC-F06            ,3.1,3750
2417,20,CC-F16            ,5.36,2463
2417,30,CC-F03            ,4.22,1500
2455,10,CC-F06            ,3.1,4412
2455,20,CC-F06            ,3.1,88
2455,30,CC-F15            ,4.36,3053
2455,40,CC-F14            ,4.11,3000
2461,10,CC-F03            ,4.22,2250
2461,20,CC-F16            ,5.36,2135
2461,30,CC-F16            ,5.36,865
2461,40,CC-F01            ,3.14,3839
2466,10,CC-F02            ,4.3,4083
2467,10,CC-F01            ,3.38,4471
2469,10,CC-F01            ,3.38,3750
2475,10,CC-F03            ,4.22,3032
2475,20,CC-F06            ,3.1,2250
2475,30,CC-F03            ,4.22,718
2481,10,CC-F03            ,4.22,2250
2481,20,CC-F11            ,5.34,2162
2481,30,CC-F02            ,3.99,3000
2501,10,CC-F14            ,4.11,2735
2501,20,CC-F02            ,3.99,2958
2501,30,CC-F15            ,4.36,3126
2501,40,CC-F02            ,3.99,42
2508,10,CC-F11            ,5.34,2388
2508,20,CC-F04            ,2.52,4962
2508,30,CC-F14            ,4.11,3485
2508,40,CC-F16            ,5.36,2145
2527,10,CC-F16            ,5.68,2072
2527,20,CC-F02            ,4.15,2250
2527,30,CC-F16            ,5.68,178
2527,40,CC-F15            ,4.61,2913
2536,10,CC-F04            ,2.69,3462
2536,20,CC-F11            ,5.51,2449
2536,30,CC-F11            ,5.51,1301
2540,10,CC-F05            ,2.99,4948
2548,10,CC-F16            ,5.68,2132
2548,20,CC-F06            ,3.26,3945
2548,30,CC-F11            ,5.51,2404
2557,10,CC-F01            ,3.23,3000
2557,20,CC-F12            ,7.36,1860
2561,10,CC-F06            ,3.51,3000
2576,10,CC-F16            ,5.68,1973
2576,20,CC-F06            ,3.26,3000
2576,30,CC-F16            ,5.68,2124
2579,10,CC-F03            ,4.71,3750
2581,10,CC-F01            ,3.47,5160
2597,10,CC-F11            ,5.51,2137
2597,20,CC-F03            ,4.38,3239
2597,30,CC-F02            ,4.15,2693
2597,40,CC-F02            ,4.15,1057
2603,10,CC-F01            ,3.23,3935
2603,20,CC-F02            ,4.15,2770
2603,30,CC-F11            ,5.51,2151
2603,40,CC-F05            ,2.78,4206
2608,10,CC-F04            ,2.69,4566
2608,20,CC-F04            ,2.69,286
2608,30,CC-F13            ,7.81,1582
2608,40,CC-F11            ,5.51,2107
2611,10,CC-F03            ,4.71,3750
2647,10,CC-F05            ,2.78,5102
2647,20,CC-F05            ,2.78,1648
2647,30,CC-F12            ,7.36,1865
2647,40,CC-F11            ,5.51,2057
2670,10,CC-F02            ,4.47,4500
2675,10,CC-F01            ,3.47,3750
2693,10,CC-F03            ,4.38,2689
2693,20,CC-F06            ,3.26,3781
2693,30,CC-F01            ,3.23,3750
2693,40,CC-F14            ,4.43,1985
2699,10,CC-F11            ,5.51,2501
2699,20,CC-F03            ,4.38,3000
2699,30,CC-F11            ,5.51,598
2699,40,CC-F12            ,7.36,1901
2702,10,CC-F03            ,4.38,2654
2702,20,CC-F06            ,3.26,3830
2702,30,CC-F11            ,5.51,1602
2702,40,CC-F03            ,4.38,857
2705,10,CC-F01            ,3.47,3565
2707,10,CC-F04            ,2.89,6000
2708,10,CC-F06            ,3.51,3750
2709,10,CC-F02            ,4.47,3230
2710,10,CC-F02            ,4.47,3000
2718,10,CC-F06            ,3.51,1975
2742,10,CC-F15            ,4.61,2744
2742,20,CC-F04            ,2.69,4908
2742,30,CC-F16            ,5.68,1680
2742,40,CC-F02            ,4.15,1500
2748,10,CC-F04            ,2.89,4500
2766,10,CC-F13            ,7.93,1666
2766,20,CC-F06            ,3.34,2969
2766,30,CC-F03            ,4.45,3137
2766,40,CC-F02            ,4.27,2791
2775,10,CC-F05            ,3.1,6131
2782,10,CC-F05            ,3.1,7436
2789,10,CC-F03            ,4.45,2940
2789,20,CC-F06            ,3.34,3000
2789,30,CC-F03            ,4.45,60
2794,10,CC-F01            ,3.29,3000
2794,20,CC-F11            ,5.6,2258
2794,30,CC-F15            ,4.78,2586
2794,40,CC-F12            ,7.56,1484
2798,10,CC-F11            ,5.6,2140
2798,20,CC-F16            ,5.82,2000
2798,30,CC-F11            ,5.6,1360
2798,40,CC-F04            ,2.82,3342
2800,10,CC-F03            ,4.45,3000
2800,20,CC-F11            ,5.6,2467
2800,30,CC-F02            ,4.27,2710
2803,10,CC-F14            ,4.32,4250
2815,10,CC-F02            ,4.27,1709
2815,20,CC-F16            ,5.82,2077
2815,30,CC-F14            ,4.68,2729
2820,10,CC-F01            ,3.54,4500
2840,10,CC-F14            ,4.68,1771
2840,20,CC-F16            ,5.82,2101
2840,30,CC-F13            ,7.93,1480
2840,40,CC-F03            ,4.45,2424
2845,10,CC-F04            ,2.82,4500
2845,20,CC-F16            ,5.82,2294
2845,30,CC-F16            ,5.82,2206
2848,10,CC-F03            ,4.45,1500
2848,20,CC-F11            ,5.6,2157
2848,30,CC-F02            ,4.27,2584
2848,40,CC-F15            ,4.78,2392
2852,10,CC-F05            ,2.88,4475
2852,20,CC-F14            ,4.68,2927
2852,30,CC-F06            ,3.34,3416
2852,40,CC-F11            ,5.6,2018
2854,10,CC-F16            ,5.37,2500
2854,20,CC-F12            ,6.98,2727
2854,30,CC-F12            ,6.98,3311
2863,10,CC-F02            ,4.27,2540
2863,20,CC-F03            ,4.45,2250
2863,30,CC-F14            ,4.68,2319
2868,10,CC-F04            ,3.04,3750
2887,10,CC-F05            ,2.88,4543
2887,20,CC-F06            ,3.34,2666
2887,30,CC-F02            ,4.27,1916
2887,40,CC-F11            ,5.6,1568
2893,10,CC-F03            ,4.45,1500
2893,20,CC-F14            ,4.68,2601
2893,30,CC-F01            ,3.29,4375
2893,40,CC-F01            ,3.29,1625
2897,10,CC-F02            ,4.27,2250
2897,20,CC-F16            ,5.82,2349
2897,30,CC-F06            ,3.34,3416
2900,10,CC-F05            ,3.1,5119
2910,10,CC-F16            ,5.82,1636
2910,20,CC-F05            ,2.88,3775
2910,30,CC-F01            ,3.29,3000
2916,10,CC-F03            ,4.79,2250
2929,10,CC-F11            ,5.6,2229
2929,20,CC-F03            ,4.45,2250
2929,30,CC-F04            ,2.82,3000
2929,40,CC-F12            ,7.56,1682
2933,10,CC-F06            ,3.6,3000
2955,10,CC-F12            ,7.56,1612
2955,20,CC-F02            ,4.27,3000
2961,10,CC-F04            ,2.82,4077
2961,20,CC-F04            ,2.82,1173
2961,30,CC-F14            ,4.68,2930
2961,40,CC-F16            ,5.82,2326
2967,10,CC-F12            ,7.56,1713
2967,20,CC-F12            ,7.56,1523
2967,30,CC-F14            ,4.68,2526
2982,10,CC-F16            ,5.82,2035
2982,20,CC-F12            ,7.56,1487
2982,30,CC-F16            ,5.82,866
2982,40,CC-F02            ,4.27,3000
2988,10,CC-F11            ,5.6,1969
2988,20,CC-F03            ,4.45,3000
2988,30,CC-F15            ,4.78,2543
2988,40,CC-F11            ,5.6,2153
2992,10,CC-F15            ,4.78,2388
2992,20,CC-F14            ,4.68,2780
2992,30,CC-F11            ,5.6,2286
2992,40,CC-F02            ,4.27,2622
2994,10,CC-F14            ,4.32,2424
2994,20,CC-F12            ,6.98,2763
2996,10,CC-F04            ,3.04,3750
2997,10,CC-F06            ,3.6,3000
3002,10,CC-F13            ,8.17,1555
3002,20,CC-F11            ,5.94,2340
3002,30,CC-F16            ,6.23,2188
3002,40,CC-F03            ,4.57,3000
3008,10,CC-F01            ,3.46,3000
3008,20,CC-F03            ,4.57,2250
3008,30,CC-F16            ,6.23,2092
3013,10,CC-F01            ,3.72,5132
3017,10,CC-F05            ,3.31,3000
3030,10,CC-F16            ,6.23,948
3030,20,CC-F14            ,5.18,1992
3030,30,CC-F06            ,3.55,3488
3030,40,CC-F06            ,3.55,1012
3036,10,CC-F11            ,5.94,2243
3036,20,CC-F14            ,5.18,2500
3036,30,CC-F11            ,5.94,1135
3036,40,CC-F02            ,4.53,1500
3040,10,CC-F02            ,4.53,2250
3040,20,CC-F14            ,5.18,2250
3040,30,CC-F12            ,8.08,1556
3040,40,CC-F06            ,3.55,3000
3043,10,CC-F01            ,3.46,3247
3043,20,CC-F05            ,3.07,3956
3043,30,CC-F16            ,6.23,1942
3043,40,CC-F01            ,3.46,1253
3054,10,CC-F16            ,6.23,1808
3054,20,CC-F06            ,3.55,2250
3077,10,CC-F11            ,5.94,2098
3077,20,CC-F13            ,8.17,1703
3077,30,CC-F11            ,5.94,2386
3077,40,CC-F16            ,6.23,1500
3083,10,CC-F03            ,4.92,2250
3085,10,CC-F04            ,3.31,4500
3103,10,CC-F11            ,5.94,2384
3103,20,CC-F11            ,5.94,2058
3103,30,CC-F02            ,4.53,3108
3103,40,CC-F15            ,5.17,2686
3109,10,CC-F03            ,4.57,2698
3109,20,CC-F02            ,4.53,2250
3109,30,CC-F03            ,4.57,1052
3114,10,CC-F11            ,5.94,2175
3114,20,CC-F16            ,6.23,1802
3114,30,CC-F11            ,5.94,1575
3114,40,CC-F04            ,3.08,3910
3117,10,CC-F05            ,3.31,5895
3118,10,CC-F04            ,3.31,3750
3125,10,CC-F03            ,4.57,2897
3125,20,CC-F11            ,5.94,2346
3125,30,CC-F03            ,4.57,853
3125,40,CC-F02            ,4.53,2400
3134,10,CC-F03            ,4.57,1500
3134,20,CC-F06            ,3.55,2428
3134,30,CC-F14            ,5.18,2458
3138,10,CC-F01            ,3.46,3575
3138,20,CC-F01            ,3.46,1793
3138,30,CC-F02            ,4.53,1770
3138,40,CC-F16            ,6.23,1227
3141,10,CC-F01            ,3.72,3750
3149,10,CC-F02            ,4.53,1350
3149,20,CC-F16            ,6.23,2041
3149,30,CC-F14            ,5.18,2361
3149,40,CC-F06            ,3.55,2428
3156,10,CC-F03            ,4.57,1500
3156,20,CC-F16            ,6.23,1964
3156,30,CC-F02            ,4.53,1500
3156,40,CC-F15            ,5.17,2288
3171,10,CC-F05            ,3.07,2666
3171,20,CC-F16            ,6.23,2184
3171,30,CC-F04            ,3.08,3000
3171,40,CC-F11            ,5.94,2396
3177,10,CC-F01            ,3.72,4500
3194,10,CC-F03            ,4.57,1500
3194,20,CC-F04            ,3.08,3590
3194,30,CC-F02            ,4.53,1500
3194,40,CC-F11            ,5.94,2293
3198,10,CC-F02            ,4.53,2250
3198,20,CC-F16            ,6.23,1811
3198,30,CC-F03            ,4.57,2250
3205,10,CC-F01            ,3.72,2250
3219,10,CC-F11            ,5.94,2207
3219,20,CC-F06            ,3.55,1678
3219,30,CC-F16            ,6.23,1961
3224,10,CC-F11            ,5.49,3644
3224,20,CC-F12            ,7.46,2536
3224,30,CC-F11            ,5.49,4117
3244,10,CC-F03            ,4.58,2442
3244,20,CC-F16            ,6.27,1811
3244,30,CC-F11            ,5.92,2090
3244,40,CC-F02            ,4.6,2577
3270,10,CC-F02            ,4.6,2500
3270,20,CC-F11            ,5.92,2091
3270,30,CC-F03            ,4.58,2498
3275,10,CC-F04            ,3.17,3250
3275,20,CC-F03            ,4.58,2308
3275,30,CC-F12            ,8.22,1470
3275,40,CC-F11            ,5.92,2394
3293,10,CC-F14            ,5.36,2212
3293,20,CC-F16            ,6.27,1771
3293,30,CC-F14            ,5.36,2572
3293,40,CC-F02            ,4.6,1000
3303,10,CC-F01            ,3.44,3403
3303,20,CC-F16            ,6.27,1865
3303,30,CC-F03            ,4.58,2527
3303,40,CC-F14            ,5.36,2159
3307,10,CC-F12            ,7.59,2481
3307,20,CC-F16            ,5.78,3139
3307,30,CC-F16            ,5.78,1409
3313,10,CC-F01            ,3.44,3243
3313,20,CC-F01            ,3.44,1257
3313,30,CC-F14            ,5.36,2524
3318,10,CC-F03            ,4.58,2000
3318,20,CC-F02            ,4.6,3046
3318,30,CC-F16            ,6.27,2076
3323,10,CC-F04            ,3.41,4500
3338,10,CC-F16            ,6.27,2027
3338,20,CC-F14            ,5.36,2141
3338,30,CC-F04            ,3.17,3543
3338,40,CC-F03            ,4.58,2475
3346,10,CC-F06            ,3.56,2000
3346,20,CC-F05            ,3.1,3806
3346,30,CC-F14            ,5.36,2369
3346,40,CC-F01            ,3.44,4180
3352,10,CC-F04            ,3.41,4957
3356,10,CC-F02            ,4.95,4708
3363,10,CC-F05            ,3.34,5000
3368,10,CC-F06            ,3.83,3000
3373,10,CC-F01            ,3.71,5347
3387,10,CC-F13            ,8.2,1355
3387,20,CC-F03            ,4.58,2498
3387,30,CC-F02            ,4.6,2776
3394,10,CC-F02            ,4.95,4000
3399,10,CC-F05            ,3.34,6504
3402,10,CC-F03            ,4.94,3000
3405,10,CC-F06            ,3.83,4000
3413,10,CC-F11            ,5.92,2262
3413,20,CC-F02            ,4.6,877
3413,30,CC-F15            ,5.23,2151
3420,10,CC-F02            ,4.95,4238
3425,10,CC-F01            ,3.71,4000
3429,10,CC-F01            ,3.71,4992
3435,10,CC-F16            ,6.27,2148
3435,20,CC-F11            ,5.92,2392
3435,30,CC-F03            ,4.58,2414
3435,40,CC-F16            ,6.27,1763
3439,10,CC-F16            ,6.27,2067
3439,20,CC-F03            ,4.58,1917
3439,30,CC-F16            ,6.27,1052
3439,40,CC-F11            ,5.92,1978
3443,10,CC-F15            ,4.83,4121
3443,20,CC-F12            ,7.59,2753
3443,30,CC-F15            ,4.83,4111
3446,10,CC-F04            ,3.41,6703
3449,10,CC-F06            ,3.83,4000
3451,10,CC-F03            ,4.94,3878
3459,10,CC-F14            ,5.36,2026
3459,20,CC-F16            ,6.27,2217
3459,30,CC-F13            ,8.2,1619
3459,40,CC-F03            ,4.58,2438
3466,10,CC-F06            ,3.83,4000
3490,10,CC-F16            ,6.53,1500
3490,20,CC-F06            ,3.69,3000
3490,30,CC-F11            ,6.22,1772
3490,40,CC-F14            ,5.83,2284
3494,10,CC-F01            ,3.59,3000
3494,20,CC-F14            ,5.83,2402
3497,10,CC-F01            ,3.87,4930
3499,10,CC-F04            ,3.66,5260
3501,10,CC-F03            ,5.05,2000
3510,10,CC-F03            ,4.69,2948
3510,20,CC-F03            ,4.69,679
3510,30,CC-F02            ,4.85,2427
3510,40,CC-F11            ,6.22,1932
3517,10,CC-F16            ,6.03,3410
3517,20,CC-F14            ,5.38,4444
3517,30,CC-F16            ,6.03,340
3520,10,CC-F03            ,5.05,2479
3536,10,CC-F16            ,6.53,1500
3536,20,CC-F05            ,3.33,3847
3536,30,CC-F02            ,4.85,2358
3536,40,CC-F03            ,4.69,2000
3543,10,CC-F01            ,3.59,3941
3543,20,CC-F14            ,5.83,2240
3543,30,CC-F04            ,3.4,3400
3543,40,CC-F05            ,3.33,3690
3546,10,CC-F05            ,3.59,5336
3555,10,CC-F02            ,4.85,2337
3555,20,CC-F11            ,6.22,1876
3555,30,CC-F01            ,3.59,2137
3555,40,CC-F03            ,4.69,2000
3560,10,CC-F04            ,3.66,6391
3565,10,CC-F01            ,3.87,3000
3569,10,CC-F04            ,3.66,5241
3580,10,CC-F02            ,5.22,3840
3606,10,CC-F16            ,6.53,1810
3606,20,CC-F02            ,4.85,2865
3606,30,CC-F14            ,5.83,2039
3606,40,CC-F03            ,4.69,2333
3610,10,CC-F14            ,5.83,2158
3610,20,CC-F16            ,6.53,1777
3610,30,CC-F14            ,5.83,2357
3610,40,CC-F02            ,4.85,2097
3615,10,CC-F01            ,3.59,3741
3615,20,CC-F16            ,6.53,1911
3615,30,CC-F03            ,4.69,2433
3615,40,CC-F14            ,5.83,2358
3619,10,CC-F04            ,3.66,4609
3628,10,CC-F14            ,5.83,2229
3628,20,CC-F05            ,3.33,3308
3628,30,CC-F11            ,6.22,2090
3628,40,CC-F05            ,3.33,2678
3636,10,CC-F11            ,6.22,1839
3636,20,CC-F03            ,4.69,1333
3636,30,CC-F16            ,6.53,1910
3636,40,CC-F13            ,8.41,1664
3640,10,CC-F04            ,3.66,4340
3643,10,CC-F05            ,3.59,6680
3652,10,CC-F14            ,5.83,2018
3652,20,CC-F01            ,3.59,3390
3652,30,CC-F11            ,6.22,2235
3652,40,CC-F16            ,6.53,2022
3658,10,CC-F01            ,3.59,3702
3658,20,CC-F01            ,3.59,298
3658,30,CC-F04            ,3.4,3954
3658,40,CC-F11            ,6.22,2271
3663,10,CC-F04            ,3.4,1898
3663,20,CC-F01            ,3.59,3249
3663,30,CC-F16            ,6.53,2203
3663,40,CC-F12            ,8.73,1489
3665,10,CC-F11            ,5.74,3581
3665,20,CC-F15            ,5.25,4034
3665,30,CC-F12            ,8.06,2550
3667,10,CC-F02            ,5.22,3494
3676,10,CC-F06            ,3.69,3488
3676,20,CC-F05            ,3.33,3397
3676,30,CC-F16            ,6.53,1947
3676,40,CC-F06            ,3.69,512
3682,10,CC-F02            ,4.85,2111
3682,20,CC-F16            ,6.53,2057
3682,30,CC-F16            ,6.53,633
3702,10,CC-F11            ,6.22,1799
3702,20,CC-F11            ,6.22,2154
3702,30,CC-F12            ,8.73,1638
3702,40,CC-F06            ,3.69,2974
3707,10,CC-F06            ,3.98,4000
3725,10,CC-F03            ,4.59,1900
3725,20,CC-F16            ,6.41,1835
3725,30,CC-F14            ,5.75,2108
3725,40,CC-F01            ,3.52,3080
3748,10,CC-F16            ,6.41,1917
3748,20,CC-F11            ,6.07,2004
3748,30,CC-F03            ,4.59,2000
3748,40,CC-F16            ,6.41,1898
3753,10,CC-F06            ,3.64,3000
3753,20,CC-F13            ,8.2,1622
3753,30,CC-F11            ,6.07,1884
3757,10,CC-F05            ,3.53,5000
3775,10,CC-F16            ,6.41,1697
3775,20,CC-F06            ,3.64,3955
3775,30,CC-F16            ,6.41,1888
3780,10,CC-F06            ,3.64,3000
3780,20,CC-F16            ,6.41,2081
3780,30,CC-F16            ,6.41,277
3780,40,CC-F01            ,3.52,3766
3795,10,CC-F11            ,5.6,4104
3795,20,CC-F12            ,7.86,3037
3795,30,CC-F11            ,5.6,2920
3802,10,CC-F02            ,5.11,3334
3820,10,CC-F11            ,6.07,2233
3820,20,CC-F13            ,8.2,1382
3820,30,CC-F06            ,3.64,3000
3820,40,CC-F03            ,4.59,3000
3825,10,CC-F02            ,4.74,2413
3825,20,CC-F16            ,6.41,750
3825,30,CC-F06            ,3.64,2071
3825,40,CC-F03            ,4.59,2847
3828,10,CC-F03            ,4.94,4140
3831,10,CC-F04            ,3.62,4898
3843,10,CC-F13            ,8.2,1731
3843,20,CC-F01            ,3.52,3907
3843,30,CC-F15            ,5.59,2569
3843,40,CC-F16            ,6.41,1891
3849,10,CC-F11            ,6.07,1962
3849,20,CC-F04            ,3.36,3823
3849,30,CC-F02            ,4.74,2968
3849,40,CC-F01            ,3.52,2567
3853,10,CC-F05            ,3.28,3623
3853,20,CC-F02            ,4.74,2000
3853,30,CC-F15            ,5.59,2515
3853,40,CC-F05            ,3.28,3727
3858,10,CC-F06            ,3.64,3000
3858,20,CC-F11            ,6.07,1979
3861,10,CC-F04            ,3.62,5000
3870,10,CC-F03            ,4.59,2723
3870,20,CC-F11            ,6.07,2323
3870,30,CC-F11            ,6.07,352
3870,40,CC-F02            ,4.74,2032
3876,10,CC-F02            ,5.11,2587
3878,10,CC-F05            ,3.53,5936
3890,10,CC-F06            ,3.64,3000
3890,20,CC-F03            ,4.59,2927
3890,30,CC-F14            ,5.75,2129
3890,40,CC-F16            ,6.41,2107
3895,10,CC-F02            ,4.74,2000
3895,20,CC-F13            ,8.2,1566
3901,10,CC-F16            ,6.41,2001
3901,20,CC-F16            ,6.41,999
3905,10,CC-F11            ,5.6,3248
3905,20,CC-F14            ,5.31,3481
3905,30,CC-F16            ,5.92,2212
3908,10,CC-F03            ,4.94,4153
3909,10,CC-F04            ,3.62,2000
3915,10,CC-F05            ,3.28,3383
3915,20,CC-F03            ,4.59,1768
3915,30,CC-F12            ,8.51,1569
3915,40,CC-F11            ,6.07,1500
3921,10,CC-F16            ,6.41,750
3921,20,CC-F02            ,4.74,2000
3921,30,CC-F14            ,5.75,2294
3921,40,CC-F06            ,3.64,3000
3925,10,CC-F11            ,6.07,2102
3925,20,CC-F12            ,8.51,1652
3925,30,CC-F16            ,6.41,1250
3925,40,CC-F04            ,3.36,3333
3928,10,CC-F01            ,3.79,4036
3931,10,CC-F04            ,3.62,3510
3933,10,CC-F05            ,3.53,4901
3938,10,CC-F13            ,8.2,1445
3938,20,CC-F11            ,6.07,1793
3938,30,CC-F16            ,6.41,1997
3938,40,CC-F06            ,3.64,3760
3945,10,CC-F11            ,5.6,2969
3945,20,CC-F12            ,7.86,2381
3945,30,CC-F12            ,7.86,3012
3964,10,CC-F16            ,6.02,2210
3964,20,CC-F03            ,4.24,1704
3964,30,CC-F16            ,6.02,290
3964,40,CC-F13            ,7.5,1772
3971,10,CC-F01            ,3.18,3000
3971,20,CC-F11            ,5.4,1500
3975,10,CC-F01            ,3.18,4445
3975,20,CC-F14            ,5.2,2493
3975,30,CC-F14            ,5.2,2586
3975,40,CC-F15            ,4.85,2890
3978,10,CC-F13            ,6.93,3149
3978,20,CC-F16            ,5.56,2503
3980,10,CC-F02            ,4.7,4000
3981,10,CC-F03            ,4.56,1631
3989,10,CC-F02            ,4.37,3000
3989,20,CC-F14            ,5.2,2209
3989,30,CC-F12            ,7.76,1477
3989,40,CC-F03            ,4.24,2000
3995,10,CC-F06            ,3.44,2667
3995,20,CC-F02            ,4.37,3234
3995,30,CC-F14            ,5.2,2482
3995,40,CC-F01            ,3.18,3000
3999,10,CC-F16            ,6.02,2214
3999,20,CC-F16            ,6.02,36
3999,30,CC-F06            ,3.44,1667
3999,40,CC-F13            ,7.5,1795
4002,10,CC-F01            ,3.43,2888
4010,10,CC-F12            ,7.76,1660
4010,20,CC-F01            ,3.18,1000
4010,30,CC-F11            ,5.4,2379
4010,40,CC-F02            ,4.37,1766
4033,10,CC-F13            ,7.5,1899
4033,20,CC-F03            ,4.24,2677
4033,30,CC-F03            ,4.24,323
4033,40,CC-F02            ,4.37,2856
4038,10,CC-F03            ,4.24,2846
4038,20,CC-F03            ,4.24,154
4042,10,CC-F01            ,3.18,2000
4042,20,CC-F11            ,5.4,2122
4042,30,CC-F15            ,4.85,2290
4042,40,CC-F12            ,7.76,1445
4045,10,CC-F01            ,3.43,3000
4059,10,CC-F03            ,4.24,2627
4059,20,CC-F11            ,5.4,2272
4059,30,CC-F03            ,4.24,373
4059,40,CC-F02            ,4.37,2766
4065,10,CC-F11            ,4.98,3782
4065,20,CC-F11            ,4.98,89
4082,10,CC-F05            ,2.91,4284
4082,20,CC-F14            ,5.2,2409
4082,30,CC-F14            ,5.2,662
4082,40,CC-F01            ,3.18,2000
4088,10,CC-F11            ,4.98,4422
4088,20,CC-F12            ,7.17,2913
4088,30,CC-F11            ,4.98,663
4093,10,CC-F14            ,4.8,4443
4093,20,CC-F14            ,4.8,2784
4093,30,CC-F16            ,5.56,2500
4097,10,CC-F04            ,3.32,3333
4105,10,CC-F03            ,4.24,3000
4105,20,CC-F11            ,5.4,2500
4105,30,CC-F02            ,4.37,3046
4105,40,CC-F12            ,7.76,1571
4113,10,CC-F13            ,7.5,1602
4113,20,CC-F05            ,2.91,4684
4113,30,CC-F14            ,5.2,2097
4113,40,CC-F16            ,6.02,2027
4118,10,CC-F02            ,4.37,2886
4118,20,CC-F02            ,4.37,258
4118,30,CC-F14            ,5.2,1737
4130,10,CC-F05            ,2.91,4632
4130,20,CC-F04            ,3.09,3918
4130,30,CC-F02            ,4.37,1954
4130,40,CC-F11            ,5.4,1250
4136,10,CC-F16            ,6.02,2090
4136,20,CC-F15            ,4.85,2533
4136,30,CC-F02            ,4.37,2890
4136,40,CC-F03            ,4.24,2667
4140,10,CC-F05            ,2.91,3749
4140,20,CC-F16            ,6.02,1921
4140,30,CC-F01            ,3.18,3436
4144,10,CC-F03            ,4.56,3667
4147,10,CC-F04            ,3.32,5000
4177,10,CC-F14            ,5.2,2236
4177,20,CC-F11            ,5.4,2110
4177,30,CC-F02            ,4.37,2344
4177,40,CC-F14            ,5.2,764
4180,10,CC-F02            ,4.37,2000
4180,20,CC-F11            ,5.4,1705
4180,30,CC-F04            ,3.09,3082
4184,10,CC-F16            ,5.56,3079
4184,20,CC-F14            ,4.8,4187
4203,10,CC-F04            ,2.87,4667
4224,10,CC-F11            ,4.51,2825
4224,20,CC-F16            ,5.23,2417
4224,30,CC-F16            ,5.23,743
4224,40,CC-F15            ,3.98,2895
4227,10,CC-F16            ,5.23,2240
4227,20,CC-F12            ,6.71,1688
4227,30,CC-F16            ,5.23,260
4227,40,CC-F03            ,3.66,2971
4231,10,CC-F11            ,4.51,2500
4231,20,CC-F01            ,2.7,4000
4231,30,CC-F15            ,3.98,1974
4236,10,CC-F02            ,4.12,5000
4239,10,CC-F03            ,3.96,3000
4251,10,CC-F15            ,3.98,3174
4251,20,CC-F14            ,4.41,2675
4251,30,CC-F11            ,4.51,2470
4251,40,CC-F01            ,2.7,5178
4257,10,CC-F16            ,5.23,2631
4257,20,CC-F13            ,6.42,1912
4257,30,CC-F16            ,5.23,2092
4257,40,CC-F11            ,4.51,2303
4263,10,CC-F01            ,2.93,5436
4273,10,CC-F12            ,6.71,1869
4273,20,CC-F15            ,3.98,3249
4273,30,CC-F03            ,3.66,2000
4278,10,CC-F14            ,4.41,2920
4278,20,CC-F03            ,3.66,2696
4278,30,CC-F11            ,4.51,2417
4278,40,CC-F11            ,4.51,83
4283,10,CC-F16            ,5.23,1705
4283,20,CC-F02            ,3.8,2924
4287,10,CC-F03            ,3.96,5000
4290,10,CC-F02            ,4.12,4000
4299,10,CC-F06            ,3.01,2000
4299,20,CC-F14            ,4.41,1772
4299,30,CC-F12            ,6.71,1815
4299,40,CC-F05            ,2.44,5226
4305,10,CC-F11            ,4.51,2816
4305,20,CC-F04            ,2.65,3667
4305,30,CC-F13            ,6.42,1812
4326,10,CC-F11            ,4.51,2500
4326,20,CC-F01            ,2.7,3667
4326,30,CC-F06            ,3.01,3000
4326,40,CC-F02            ,3.8,1788
4334,10,CC-F06            ,3.01,4357
4334,20,CC-F06            ,3.01,550
4334,30,CC-F02            ,3.8,2712
4343,10,CC-F13            ,6.42,2139
4343,20,CC-F03            ,3.66,2666
4343,30,CC-F04            ,2.65,3000
4350,10,CC-F11            ,4.51,2750
4350,20,CC-F11            ,4.51,250
4350,30,CC-F01            ,2.7,4589
4350,40,CC-F12            ,6.71,1758
4376,10,CC-F12            ,6.71,1759
4376,20,CC-F12            ,6.71,2036
4376,30,CC-F16            ,5.23,1773
4376,40,CC-F14            ,4.41,3136
4380,10,CC-F16            ,5.23,2225
4380,20,CC-F11            ,4.51,2447
4380,30,CC-F03            ,3.66,2666
4380,40,CC-F16            ,5.23,275
4383,10,CC-F05            ,2.64,8191
4396,10,CC-F12            ,6.71,2062
4396,20,CC-F11            ,4.51,2522
4396,30,CC-F05            ,2.44,4955
4396,40,CC-F16            ,5.23,2582
4406,10,CC-F14            ,4.41,2964
4406,20,CC-F06            ,3.01,4000
4406,30,CC-F14            ,4.41,36
4422,10,CC-F12            ,6.71,1876
4422,20,CC-F16            ,5.23,1500
4422,30,CC-F15            ,3.98,2250
4422,40,CC-F06            ,3.01,4000
4428,10,CC-F14            ,4.26,5446
4428,20,CC-F12            ,6.49,3501
4428,30,CC-F14            ,4.26,1652
4443,10,CC-F01            ,2.61,3010
4443,20,CC-F03            ,3.54,3921
4443,30,CC-F03            ,3.54,825
4443,40,CC-F16            ,4.95,2191
4449,10,CC-F15            ,3.79,3615
4449,20,CC-F04            ,2.53,4301
4449,30,CC-F06            ,2.88,4311
4449,40,CC-F16            ,4.95,2193
4456,10,CC-F04            ,2.74,6000
4465,10,CC-F04            ,2.53,4538
4465,20,CC-F14            ,4.16,2814
4465,30,CC-F05            ,2.34,4792
4465,40,CC-F03            ,3.54,3080
4474,10,CC-F03            ,3.54,3080
4474,20,CC-F16            ,4.95,2538
4474,30,CC-F04            ,2.53,4366
4474,40,CC-F05            ,2.34,4623
4478,10,CC-F05            ,2.34,4875
4478,20,CC-F05            ,2.34,2169
4478,30,CC-F15            ,3.79,2635
4486,10,CC-F05            ,2.34,4486
4486,20,CC-F14            ,4.16,3000
4486,30,CC-F16            ,4.95,1500
4486,40,CC-F02            ,3.63,2186
4512,10,CC-F01            ,2.83,3000
4538,10,CC-F06            ,2.88,3667
4538,20,CC-F03            ,3.54,3386
4538,30,CC-F12            ,6.36,2181
4538,40,CC-F16            ,4.95,1500
4544,10,CC-F16            ,4.95,2714
4544,20,CC-F12            ,6.36,1972
4544,30,CC-F16            ,4.95,1305
4544,40,CC-F02            ,3.63,3035
4548,10,CC-F14            ,4.16,3245
4548,20,CC-F14            ,4.16,960
4548,30,CC-F03            ,3.54,3000
4551,10,CC-F01            ,2.61,4360
4551,20,CC-F16            ,4.95,2443
4551,30,CC-F03            ,3.54,3000
4551,40,CC-F16            ,4.95,1307
4554,10,CC-F02            ,3.93,3474
4562,10,CC-F14            ,4.16,1670
4562,20,CC-F06            ,2.88,3667
4562,30,CC-F15            ,3.79,3679
4569,10,CC-F12            ,6.36,2102
4569,20,CC-F15            ,3.79,3640
4569,30,CC-F16            ,4.95,1250
4569,40,CC-F04            ,2.53,4000
4575,10,CC-F12            ,6.36,2146
4575,20,CC-F13            ,6.18,2129
4575,30,CC-F12            ,6.36,1770
4575,40,CC-F13            ,6.18,1223
4578,10,CC-F12            ,6.15,3261
4578,20,CC-F12            ,6.15,3308
4578,30,CC-F12            ,6.15,2517
4587,10,CC-F04            ,2.74,5462
4588,10,CC-F04            ,2.74,6000
4593,10,CC-F02            ,3.93,4000
4610,10,CC-F06            ,2.88,3000
4610,20,CC-F16            ,4.95,2250
4610,30,CC-F12            ,6.36,1732
4610,40,CC-F05            ,2.34,4333
4617,10,CC-F06            ,2.88,4523
4617,20,CC-F02            ,3.63,3439
4617,30,CC-F16            ,4.95,2500
4617,40,CC-F01            ,2.61,5309
4621,10,CC-F01            ,2.61,4000
4621,20,CC-F14            ,4.16,1773
4621,30,CC-F03            ,3.54,2201
4624,10,CC-F05            ,2.54,5333
4634,10,CC-F06            ,2.88,3000
4634,20,CC-F02            ,3.63,3838
4639,10,CC-F05            ,2.54,5333
4660,10,CC-F01            ,2.61,4814
4660,20,CC-F01            ,2.61,505
4660,30,CC-F16            ,4.95,2191
4660,40,CC-F14            ,4.16,3000
4665,10,CC-F11            ,4.33,2537
4665,20,CC-F11            ,4.33,735
4665,30,CC-F02            ,3.63,1162
4665,40,CC-F13            ,6.18,2051
4669,10,CC-F14            ,4.02,4590
4669,20,CC-F14            ,4.02,410
4669,30,CC-F11            ,4.19,4258
4682,10,CC-F03            ,3.65,1587
4682,20,CC-F04            ,2.66,3333
4682,30,CC-F16            ,5.01,2309
4687,10,CC-F13            ,6.18,3861
4687,20,CC-F13            ,6.18,3126
4687,30,CC-F16            ,4.84,3750
4692,10,CC-F02            ,3.82,3813
4708,10,CC-F04            ,2.66,4879
4708,20,CC-F13            ,6.4,1879
4708,30,CC-F04            ,2.66,454
4708,40,CC-F11            ,4.56,2494
4711,10,CC-F11            ,4.56,2572
4711,20,CC-F01            ,2.73,4000
4711,30,CC-F15            ,4.1,3414
4711,40,CC-F16            ,5.01,2334
4732,10,CC-F04            ,2.66,5297
4732,20,CC-F14            ,4.42,2517
4732,30,CC-F04            ,2.66,36
4732,40,CC-F11            ,4.56,1928
4756,10,CC-F01            ,2.73,2000
4756,20,CC-F06            ,2.91,2666
4756,30,CC-F03            ,3.65,2171
4756,40,CC-F14            ,4.42,1983
4762,10,CC-F13            ,6.4,1714
4762,20,CC-F02            ,3.69,3522
4762,30,CC-F02            ,3.69,594
4762,40,CC-F11            ,4.56,2506
4766,10,CC-F03            ,3.65,3449
4766,20,CC-F06            ,2.91,3499
4766,30,CC-F01            ,2.73,4209
4766,40,CC-F14            ,4.42,3012
4770,10,CC-F15            ,3.96,5167
4770,20,CC-F13            ,6.18,3339
4770,30,CC-F13            ,6.18,3711
4778,10,CC-F02            ,3.69,3106
4778,20,CC-F14            ,4.42,3214
4778,30,CC-F01            ,2.73,4126
4778,40,CC-F03            ,3.65,3171
4781,10,CC-F01            ,2.73,4548
4781,20,CC-F14            ,4.42,2442
4781,30,CC-F04            ,2.66,3000
4781,40,CC-F01            ,2.73,277
4802,10,CC-F16            ,5.01,2424
4802,20,CC-F11            ,4.56,2250
4802,30,CC-F02            ,3.69,3137
4827,10,CC-F02            ,3.69,3000
4827,20,CC-F11            ,4.56,2938
4827,30,CC-F03            ,3.65,3309
4833,10,CC-F04            ,2.74,6000
4837,10,CC-F05            ,2.58,6039
4851,10,CC-F04            ,2.66,5000
4851,20,CC-F03            ,3.65,3738
4851,30,CC-F12            ,6.49,2216
4851,40,CC-F11            ,4.56,1500
4858,10,CC-F12            ,6.49,2201
4858,20,CC-F12            ,6.49,2186
4858,30,CC-F16            ,5.01,1500
4861,10,CC-F16            ,4.84,3942
4861,20,CC-F16            ,4.84,2739
4866,10,CC-F12            ,6.28,3355
4866,20,CC-F16            ,4.84,4008
4868,10,CC-F05            ,2.58,7039
4874,10,CC-F11            ,4.56,2493
4874,20,CC-F05            ,2.5,4885
4874,30,CC-F15            ,4.1,3231
4874,40,CC-F11            ,4.56,819
4881,10,CC-F14            ,4.42,2237
4881,20,CC-F03            ,3.65,3168
4881,30,CC-F11            ,4.56,2832
4881,40,CC-F02            ,3.69,3403
4898,10,CC-F01            ,2.82,2990
4904,10,CC-F02            ,3.82,4166
4925,10,CC-F03            ,3.68,2758
4925,20,CC-F04            ,2.8,3000
4925,30,CC-F11            ,4.84,2250
4929,10,CC-F03            ,3.68,2965
4929,20,CC-F02            ,3.74,3176
4929,30,CC-F16            ,5.25,2712
4929,40,CC-F03            ,3.68,531
4932,10,CC-F11            ,4.84,2500
4932,20,CC-F04            ,2.8,5126
4932,30,CC-F04            ,2.8,874
4932,40,CC-F14            ,4.7,2714
4935,10,CC-F01            ,2.87,1000
4935,20,CC-F14            ,4.7,2439
4935,30,CC-F14            ,4.7,1512
4935,40,CC-F05            ,2.6,1628
4939,10,CC-F01            ,2.96,3864
4948,10,CC-F11            ,4.68,4719
4948,20,CC-F12            ,6.36,2917
4948,30,CC-F11            ,4.68,1449
4952,10,CC-F14            ,4.54,4668
4952,20,CC-F16            ,5.07,2288
4955,10,CC-F04            ,2.89,5000
4972,10,CC-F03            ,3.68,3462
4972,20,CC-F03            ,3.68,866
4972,30,CC-F16            ,5.25,2684
4972,40,CC-F14            ,4.7,2612
4996,10,CC-F03            ,3.68,3000
4996,20,CC-F11            ,4.84,2045
4996,30,CC-F02            ,3.74,2364
5003,10,CC-F16            ,5.25,2478
5003,20,CC-F11            ,4.84,2369
5003,30,CC-F03            ,3.68,3000
5003,40,CC-F16            ,5.25,22
5007,10,CC-F01            ,2.96,5990
5019,10,CC-F14            ,4.7,2626
5019,20,CC-F02            ,3.74,3188
5019,30,CC-F12            ,6.58,2029
5023,10,CC-F01            ,2.96,4000
5025,10,CC-F02            ,3.86,4836
5029,10,CC-F01            ,2.96,4000
5044,10,CC-F16            ,5.25,2714
5044,20,CC-F06            ,3.03,4666
5044,30,CC-F16            ,5.25,602
5044,40,CC-F13            ,6.46,2116
5051,10,CC-F05            ,2.6,5000
5051,20,CC-F16            ,5.25,2139
5051,30,CC-F16            ,5.25,2179
5051,40,CC-F04            ,2.8,4334
5055,10,CC-F03            ,3.8,3000
5058,10,CC-F04            ,2.89,4334
5064,10,CC-F11            ,4.84,2250
5064,20,CC-F06            ,3.03,4000
5064,30,CC-F16            ,5.25,2365
5070,10,CC-F03            ,3.68,3000
5070,20,CC-F02            ,3.74,3000
5070,30,CC-F14            ,4.7,2523
5075,10,CC-F03            ,3.68,3000
5075,20,CC-F06            ,3.03,4000
5075,30,CC-F02            ,3.74,2000
5075,40,CC-F11            ,4.84,2323
5078,10,CC-F16            ,5.07,3750
5078,20,CC-F12            ,6.36,3210
5081,10,CC-F04            ,2.89,3334
5094,10,CC-F02            ,3.74,3135
5094,20,CC-F14            ,4.7,2838
5094,30,CC-F03            ,3.68,1666
5098,10,CC-F05            ,2.68,8944
5115,10,CC-F01            ,2.87,3815
5115,20,CC-F14            ,4.7,2562
5115,30,CC-F06            ,3.03,2000
5115,40,CC-F01            ,2.87,852
5122,10,CC-F06            ,3.03,3000
5122,20,CC-F13            ,6.46,1355
5122,30,CC-F11            ,4.84,2868
5125,10,CC-F14            ,4.7,2321
5125,20,CC-F01            ,2.87,3667
5125,30,CC-F12            ,6.58,2128
5125,40,CC-F13            ,6.46,2100
5128,10,CC-F16            ,5.07,2500
5128,20,CC-F11            ,4.68,3882
5128,30,CC-F11            ,4.68,1085
5132,10,CC-F05            ,2.68,8113
5140,10,CC-F16            ,5.25,2299
5140,20,CC-F11            ,4.84,2250
5140,30,CC-F02            ,3.74,3000
5140,40,CC-F16            ,5.25,18
5146,10,CC-F12            ,6.36,3029
5146,20,CC-F16            ,5.07,3000
5150,10,CC-F06            ,3.13,3000
5164,10,CC-F02            ,3.74,3292
5164,20,CC-F02            ,3.74,708
5164,30,CC-F14            ,4.63,2516
5164,40,CC-F16            ,5.18,2500
5170,10,CC-F15            ,4.31,4470
5170,20,CC-F12            ,6.37,3492
5170,30,CC-F15            ,4.31,3318
